01-01-1900,email_000@school.edu,FirstName_000,LastName_000,09,Puzzle Club,Volleyball Club,Origami Club
01-01-1900,email_001@school.edu,FirstName_001,LastName_001,09,Culture Club,Walking Club,Jazz Club
01-01-1900,email_002@school.edu,FirstName_002,LastName_002,09,Unity Club,Jazz Club,Culture Club
01-01-1900,email_003@school.edu,FirstName_003,LastName_003,09,Origami Club,Bingo Club,Baseball Club
01-01-1900,email_004@school.edu,FirstName_004,LastName_004,09,Baseball Club,Minecraft Club,Defenestration Club
01-01-1900,email_005@school.edu,FirstName_005,LastName_005,09,Basketball Club,Walking Club,Disney Movie Club
01-01-1900,email_006@school.edu,FirstName_006,LastName_006,09,Defenestration Club,Choir Club,Jazz Club
01-01-1900,email_007@school.edu,FirstName_007,LastName_007,09,Minecraft Club,Baseball Club,Crochet Club
01-01-1900,email_008@school.edu,FirstName_008,LastName_008,09,Green Team,General Academic Support,Lego Club
01-01-1900,email_009@school.edu,FirstName_009,LastName_009,09,Baseball Club,Book Club,Basketball Club
01-01-1900,email_010@school.edu,FirstName_010,LastName_010,09,General Academic Support,Green Team,Lego Club
01-01-1900,email_011@school.edu,FirstName_011,LastName_011,09,Disney Movie Club,Lego Club,Unity Club
01-01-1900,email_012@school.edu,FirstName_012,LastName_012,09,Volleyball Club,Minecraft Club,Puzzle Club
01-01-1900,email_013@school.edu,FirstName_013,LastName_013,09,Bingo Club,Book Club,Unity Club
01-01-1900,email_014@school.edu,FirstName_014,LastName_014,09,Puzzle Club,Four Square Club,General Academic Support
01-01-1900,email_015@school.edu,FirstName_015,LastName_015,09,Origami Club,Bingo Club,Walking Club
01-01-1900,email_016@school.edu,FirstName_016,LastName_016,09,Volleyball Club,Jazz Club,Puzzle Club
01-01-1900,email_017@school.edu,FirstName_017,LastName_017,09,Walking Club,Bingo Club,Board Games Club
01-01-1900,email_018@school.edu,FirstName_018,LastName_018,09,Four Square Club,Baseball Club,Board Games Club
01-01-1900,email_019@school.edu,FirstName_019,LastName_019,09,Origami Club,Minecraft Club,Green Team
01-01-1900,email_020@school.edu,FirstName_020,LastName_020,09,Walking Club,Jazz Club,Bingo Club
01-01-1900,email_021@school.edu,FirstName_021,LastName_021,09,Jazz Club,Volleyball Club,Walking Club
01-01-1900,email_022@school.edu,FirstName_022,LastName_022,09,Four Square Club,Walking Club,Puzzle Club
01-01-1900,email_023@school.edu,FirstName_023,LastName_023,09,Board Games Club,Basketball Club,Green Team
01-01-1900,email_024@school.edu,FirstName_024,LastName_024,09,Four Square Club,Culture Club,Minecraft Club
01-01-1900,email_025@school.edu,FirstName_025,LastName_025,09,General Academic Support,Lego Club,Basketball Club
01-01-1900,email_026@school.edu,FirstName_026,LastName_026,09,Baseball Club,General Academic Support,Green Team
01-01-1900,email_027@school.edu,FirstName_027,LastName_027,09,Puzzle Club,Minecraft Club,Disney Movie Club
01-01-1900,email_028@school.edu,FirstName_028,LastName_028,09,Unity Club,Book Club,Origami Club
01-01-1900,email_029@school.edu,FirstName_029,LastName_029,09,Green Team,Walking Club,Culture Club
01-01-1900,email_030@school.edu,FirstName_030,LastName_030,09,Defenestration Club,Baseball Club,Volleyball Club
01-01-1900,email_031@school.edu,FirstName_031,LastName_031,09,Bingo Club,Four Square Club,Unity Club
01-01-1900,email_032@school.edu,FirstName_032,LastName_032,09,Puzzle Club,Unity Club,Gaming Club
01-01-1900,email_033@school.edu,FirstName_033,LastName_033,09,Walking Club,Four Square Club,Unity Club
01-01-1900,email_034@school.edu,FirstName_034,LastName_034,09,Gaming Club,Unity Club,General Academic Support
01-01-1900,email_035@school.edu,FirstName_035,LastName_035,09,Lego Club,Disney Movie Club,General Academic Support
01-01-1900,email_036@school.edu,FirstName_036,LastName_036,09,Minecraft Club,Unity Club,Choir Club
01-01-1900,email_037@school.edu,FirstName_037,LastName_037,09,Green Team,Walking Club,Origami Club
01-01-1900,email_038@school.edu,FirstName_038,LastName_038,09,Walking Club,Volleyball Club,Lego Club
01-01-1900,email_039@school.edu,FirstName_039,LastName_039,09,Baseball Club,Choir Club,Jazz Club
01-01-1900,email_040@school.edu,FirstName_040,LastName_040,09,Unity Club,Lego Club,Puzzle Club
01-01-1900,email_041@school.edu,FirstName_041,LastName_041,09,Four Square Club,Origami Club,Jazz Club
01-01-1900,email_042@school.edu,FirstName_042,LastName_042,09,Basketball Club,Unity Club,Green Team
01-01-1900,email_043@school.edu,FirstName_043,LastName_043,09,Book Club,Walking Club,Crochet Club
01-01-1900,email_044@school.edu,FirstName_044,LastName_044,09,Crochet Club,Culture Club,Lego Club
01-01-1900,email_045@school.edu,FirstName_045,LastName_045,09,Minecraft Club,Board Games Club,Bingo Club
01-01-1900,email_046@school.edu,FirstName_046,LastName_046,09,Walking Club,Basketball Club,Puzzle Club
01-01-1900,email_047@school.edu,FirstName_047,LastName_047,09,Jazz Club,Walking Club,Defenestration Club
01-01-1900,email_048@school.edu,FirstName_048,LastName_048,09,Choir Club,Minecraft Club,Bingo Club
01-01-1900,email_049@school.edu,FirstName_049,LastName_049,09,Puzzle Club,Bingo Club,Gaming Club
01-01-1900,email_050@school.edu,FirstName_050,LastName_050,09,Baseball Club,Choir Club,Basketball Club
01-01-1900,email_051@school.edu,FirstName_051,LastName_051,09,Choir Club,Origami Club,Four Square Club
01-01-1900,email_052@school.edu,FirstName_052,LastName_052,09,Volleyball Club,Green Team,Four Square Club
01-01-1900,email_053@school.edu,FirstName_053,LastName_053,09,Walking Club,Gaming Club,Lego Club
01-01-1900,email_054@school.edu,FirstName_054,LastName_054,09,Origami Club,Board Games Club,Disney Movie Club
01-01-1900,email_055@school.edu,FirstName_055,LastName_055,09,Baseball Club,Basketball Club,Gaming Club
01-01-1900,email_056@school.edu,FirstName_056,LastName_056,09,Choir Club,Gaming Club,Origami Club
01-01-1900,email_057@school.edu,FirstName_057,LastName_057,09,Defenestration Club,General Academic Support,Disney Movie Club
01-01-1900,email_058@school.edu,FirstName_058,LastName_058,09,Lego Club,Unity Club,Board Games Club
01-01-1900,email_059@school.edu,FirstName_059,LastName_059,09,Book Club,Board Games Club,Unity Club
01-01-1900,email_060@school.edu,FirstName_060,LastName_060,09,Defenestration Club,Volleyball Club,Jazz Club
01-01-1900,email_061@school.edu,FirstName_061,LastName_061,09,Unity Club,Disney Movie Club,Defenestration Club
01-01-1900,email_062@school.edu,FirstName_062,LastName_062,09,Origami Club,Walking Club,Board Games Club
01-01-1900,email_063@school.edu,FirstName_063,LastName_063,09,Green Team,Minecraft Club,Baseball Club
01-01-1900,email_064@school.edu,FirstName_064,LastName_064,09,Four Square Club,Puzzle Club,Gaming Club
01-01-1900,email_065@school.edu,FirstName_065,LastName_065,09,Bingo Club,Lego Club,Puzzle Club
01-01-1900,email_066@school.edu,FirstName_066,LastName_066,09,Green Team,Defenestration Club,Minecraft Club
01-01-1900,email_067@school.edu,FirstName_067,LastName_067,09,General Academic Support,Bingo Club,Book Club
01-01-1900,email_068@school.edu,FirstName_068,LastName_068,09,Crochet Club,Gaming Club,Culture Club
01-01-1900,email_069@school.edu,FirstName_069,LastName_069,09,Gaming Club,Defenestration Club,Choir Club
01-01-1900,email_070@school.edu,FirstName_070,LastName_070,09,Volleyball Club,Gaming Club,Bingo Club
01-01-1900,email_071@school.edu,FirstName_071,LastName_071,09,Unity Club,General Academic Support,Volleyball Club
01-01-1900,email_072@school.edu,FirstName_072,LastName_072,09,Choir Club,Bingo Club,Culture Club
01-01-1900,email_073@school.edu,FirstName_073,LastName_073,09,Board Games Club,Disney Movie Club,Crochet Club
01-01-1900,email_074@school.edu,FirstName_074,LastName_074,09,Bingo Club,Book Club,Culture Club
01-01-1900,email_075@school.edu,FirstName_075,LastName_075,09,Defenestration Club,Origami Club,Choir Club
01-01-1900,email_076@school.edu,FirstName_076,LastName_076,09,Puzzle Club,Gaming Club,Board Games Club
01-01-1900,email_077@school.edu,FirstName_077,LastName_077,09,Origami Club,Baseball Club,Book Club
01-01-1900,email_078@school.edu,FirstName_078,LastName_078,09,Defenestration Club,Four Square Club,Bingo Club
01-01-1900,email_079@school.edu,FirstName_079,LastName_079,09,Origami Club,Bingo Club,Four Square Club
01-01-1900,email_080@school.edu,FirstName_080,LastName_080,09,Basketball Club,Defenestration Club,Choir Club
01-01-1900,email_081@school.edu,FirstName_081,LastName_081,09,Volleyball Club,Lego Club,Origami Club
01-01-1900,email_082@school.edu,FirstName_082,LastName_082,09,Unity Club,Culture Club,General Academic Support
01-01-1900,email_083@school.edu,FirstName_083,LastName_083,09,Lego Club,General Academic Support,Choir Club
01-01-1900,email_084@school.edu,FirstName_084,LastName_084,09,Green Team,Lego Club,Unity Club
01-01-1900,email_085@school.edu,FirstName_085,LastName_085,09,Crochet Club,Book Club,Unity Club
01-01-1900,email_086@school.edu,FirstName_086,LastName_086,09,Volleyball Club,Origami Club,Walking Club
01-01-1900,email_087@school.edu,FirstName_087,LastName_087,09,Disney Movie Club,Baseball Club,General Academic Support
01-01-1900,email_088@school.edu,FirstName_088,LastName_088,09,Baseball Club,Choir Club,Volleyball Club
01-01-1900,email_089@school.edu,FirstName_089,LastName_089,09,Unity Club,Baseball Club,Choir Club
01-01-1900,email_090@school.edu,FirstName_090,LastName_090,09,Walking Club,Unity Club,Book Club
01-01-1900,email_091@school.edu,FirstName_091,LastName_091,09,Choir Club,Origami Club,Lego Club
01-01-1900,email_092@school.edu,FirstName_092,LastName_092,09,Defenestration Club,Crochet Club,Baseball Club
01-01-1900,email_093@school.edu,FirstName_093,LastName_093,09,Baseball Club,Bingo Club,Gaming Club
01-01-1900,email_094@school.edu,FirstName_094,LastName_094,09,Choir Club,Baseball Club,Disney Movie Club
01-01-1900,email_095@school.edu,FirstName_095,LastName_095,09,Jazz Club,General Academic Support,Puzzle Club
01-01-1900,email_096@school.edu,FirstName_096,LastName_096,09,Baseball Club,Board Games Club,Puzzle Club
01-01-1900,email_097@school.edu,FirstName_097,LastName_097,09,Four Square Club,Disney Movie Club,Crochet Club
01-01-1900,email_098@school.edu,FirstName_098,LastName_098,09,Origami Club,Disney Movie Club,Book Club
01-01-1900,email_099@school.edu,FirstName_099,LastName_099,09,Basketball Club,Gaming Club,Disney Movie Club
01-01-1900,email_100@school.edu,FirstName_100,LastName_100,09,Book Club,Basketball Club,Walking Club
01-01-1900,email_101@school.edu,FirstName_101,LastName_101,09,Choir Club,Green Team,Volleyball Club
01-01-1900,email_102@school.edu,FirstName_102,LastName_102,09,Basketball Club,Lego Club,Culture Club
01-01-1900,email_103@school.edu,FirstName_103,LastName_103,09,Unity Club,Defenestration Club,Disney Movie Club
01-01-1900,email_104@school.edu,FirstName_104,LastName_104,09,Gaming Club,Unity Club,Walking Club
01-01-1900,email_105@school.edu,FirstName_105,LastName_105,09,Walking Club,Lego Club,Origami Club
01-01-1900,email_106@school.edu,FirstName_106,LastName_106,09,Unity Club,Gaming Club,Walking Club
01-01-1900,email_107@school.edu,FirstName_107,LastName_107,09,Origami Club,Puzzle Club,Crochet Club
01-01-1900,email_108@school.edu,FirstName_108,LastName_108,09,Gaming Club,Four Square Club,Jazz Club
01-01-1900,email_109@school.edu,FirstName_109,LastName_109,09,Culture Club,Crochet Club,Green Team
01-01-1900,email_110@school.edu,FirstName_110,LastName_110,09,Lego Club,Green Team,Book Club
01-01-1900,email_111@school.edu,FirstName_111,LastName_111,09,Jazz Club,Puzzle Club,Origami Club
01-01-1900,email_112@school.edu,FirstName_112,LastName_112,09,Gaming Club,Disney Movie Club,Bingo Club
01-01-1900,email_113@school.edu,FirstName_113,LastName_113,09,Volleyball Club,Culture Club,Origami Club
01-01-1900,email_114@school.edu,FirstName_114,LastName_114,09,Book Club,General Academic Support,Puzzle Club
01-01-1900,email_115@school.edu,FirstName_115,LastName_115,09,Disney Movie Club,Gaming Club,Unity Club
01-01-1900,email_116@school.edu,FirstName_116,LastName_116,09,Jazz Club,Bingo Club,Gaming Club
01-01-1900,email_117@school.edu,FirstName_117,LastName_117,09,Baseball Club,Lego Club,Board Games Club
01-01-1900,email_118@school.edu,FirstName_118,LastName_118,09,Origami Club,Minecraft Club,Book Club
01-01-1900,email_119@school.edu,FirstName_119,LastName_119,09,Baseball Club,Basketball Club,Bingo Club
01-01-1900,email_120@school.edu,FirstName_120,LastName_120,09,General Academic Support,Baseball Club,Culture Club
01-01-1900,email_121@school.edu,FirstName_121,LastName_121,09,Jazz Club,Baseball Club,General Academic Support
01-01-1900,email_122@school.edu,FirstName_122,LastName_122,09,Baseball Club,Puzzle Club,Choir Club
01-01-1900,email_123@school.edu,FirstName_123,LastName_123,09,Minecraft Club,Four Square Club,Walking Club
01-01-1900,email_124@school.edu,FirstName_124,LastName_124,09,Minecraft Club,Volleyball Club,Green Team
01-01-1900,email_125@school.edu,FirstName_125,LastName_125,09,Four Square Club,Bingo Club,Book Club
01-01-1900,email_126@school.edu,FirstName_126,LastName_126,09,Puzzle Club,Bingo Club,Defenestration Club
01-01-1900,email_127@school.edu,FirstName_127,LastName_127,09,Disney Movie Club,Crochet Club,Origami Club
01-01-1900,email_128@school.edu,FirstName_128,LastName_128,09,Unity Club,Defenestration Club,Walking Club
01-01-1900,email_129@school.edu,FirstName_129,LastName_129,09,Unity Club,Jazz Club,General Academic Support
01-01-1900,email_130@school.edu,FirstName_130,LastName_130,09,Minecraft Club,Defenestration Club,Bingo Club
01-01-1900,email_131@school.edu,FirstName_131,LastName_131,09,Defenestration Club,Four Square Club,Origami Club
01-01-1900,email_132@school.edu,FirstName_132,LastName_132,09,Disney Movie Club,Unity Club,Baseball Club
01-01-1900,email_133@school.edu,FirstName_133,LastName_133,09,Crochet Club,Book Club,Disney Movie Club
01-01-1900,email_134@school.edu,FirstName_134,LastName_134,09,Unity Club,Lego Club,Basketball Club
01-01-1900,email_135@school.edu,FirstName_135,LastName_135,09,Book Club,Origami Club,Bingo Club
01-01-1900,email_136@school.edu,FirstName_136,LastName_136,09,Walking Club,Bingo Club,Gaming Club
01-01-1900,email_137@school.edu,FirstName_137,LastName_137,09,Four Square Club,Book Club,Baseball Club
01-01-1900,email_138@school.edu,FirstName_138,LastName_138,09,Defenestration Club,Culture Club,Crochet Club
01-01-1900,email_139@school.edu,FirstName_139,LastName_139,09,Origami Club,Basketball Club,Four Square Club
01-01-1900,email_140@school.edu,FirstName_140,LastName_140,09,Culture Club,Gaming Club,Disney Movie Club
01-01-1900,email_141@school.edu,FirstName_141,LastName_141,09,Four Square Club,Disney Movie Club,Lego Club
01-01-1900,email_142@school.edu,FirstName_142,LastName_142,09,Book Club,General Academic Support,Four Square Club
01-01-1900,email_143@school.edu,FirstName_143,LastName_143,09,Lego Club,Board Games Club,Bingo Club
01-01-1900,email_144@school.edu,FirstName_144,LastName_144,09,Bingo Club,Origami Club,Volleyball Club
01-01-1900,email_145@school.edu,FirstName_145,LastName_145,09,Minecraft Club,Basketball Club,Bingo Club
01-01-1900,email_146@school.edu,FirstName_146,LastName_146,09,Gaming Club,Culture Club,Disney Movie Club
01-01-1900,email_147@school.edu,FirstName_147,LastName_147,09,Defenestration Club,Puzzle Club,Bingo Club
01-01-1900,email_148@school.edu,FirstName_148,LastName_148,09,Basketball Club,Culture Club,Lego Club
01-01-1900,email_149@school.edu,FirstName_149,LastName_149,09,Minecraft Club,Baseball Club,Four Square Club
01-01-1900,email_150@school.edu,FirstName_150,LastName_150,09,Walking Club,Board Games Club,Lego Club
01-01-1900,email_151@school.edu,FirstName_151,LastName_151,09,Four Square Club,Defenestration Club,Board Games Club
01-01-1900,email_152@school.edu,FirstName_152,LastName_152,09,Origami Club,Book Club,Unity Club
01-01-1900,email_153@school.edu,FirstName_153,LastName_153,09,Green Team,Book Club,Puzzle Club
01-01-1900,email_154@school.edu,FirstName_154,LastName_154,09,Board Games Club,Culture Club,Jazz Club
01-01-1900,email_155@school.edu,FirstName_155,LastName_155,09,Puzzle Club,Crochet Club,Basketball Club
01-01-1900,email_156@school.edu,FirstName_156,LastName_156,09,Choir Club,Four Square Club,Jazz Club
01-01-1900,email_157@school.edu,FirstName_157,LastName_157,09,Bingo Club,Origami Club,Green Team
01-01-1900,email_158@school.edu,FirstName_158,LastName_158,09,Gaming Club,Defenestration Club,Baseball Club
01-01-1900,email_159@school.edu,FirstName_159,LastName_159,09,Unity Club,Culture Club,Four Square Club
01-01-1900,email_160@school.edu,FirstName_160,LastName_160,09,Gaming Club,Book Club,Green Team
01-01-1900,email_161@school.edu,FirstName_161,LastName_161,09,Basketball Club,Bingo Club,Four Square Club
01-01-1900,email_162@school.edu,FirstName_162,LastName_162,09,Crochet Club,Board Games Club,Green Team
01-01-1900,email_163@school.edu,FirstName_163,LastName_163,09,Defenestration Club,Basketball Club,Bingo Club
01-01-1900,email_164@school.edu,FirstName_164,LastName_164,09,Baseball Club,Volleyball Club,Green Team
01-01-1900,email_165@school.edu,FirstName_165,LastName_165,09,Book Club,Gaming Club,Jazz Club
01-01-1900,email_166@school.edu,FirstName_166,LastName_166,09,Choir Club,Board Games Club,Lego Club
01-01-1900,email_167@school.edu,FirstName_167,LastName_167,09,Lego Club,Green Team,Unity Club
01-01-1900,email_168@school.edu,FirstName_168,LastName_168,09,Volleyball Club,Choir Club,Gaming Club
01-01-1900,email_169@school.edu,FirstName_169,LastName_169,09,Gaming Club,Culture Club,Walking Club
01-01-1900,email_170@school.edu,FirstName_170,LastName_170,09,Jazz Club,Puzzle Club,Culture Club
01-01-1900,email_171@school.edu,FirstName_171,LastName_171,09,Minecraft Club,Unity Club,Volleyball Club
01-01-1900,email_172@school.edu,FirstName_172,LastName_172,09,Unity Club,Disney Movie Club,Origami Club
01-01-1900,email_173@school.edu,FirstName_173,LastName_173,09,Culture Club,Baseball Club,General Academic Support
01-01-1900,email_174@school.edu,FirstName_174,LastName_174,09,Walking Club,Unity Club,Choir Club
01-01-1900,email_175@school.edu,FirstName_175,LastName_175,09,Gaming Club,Board Games Club,Disney Movie Club
01-01-1900,email_176@school.edu,FirstName_176,LastName_176,09,Origami Club,Bingo Club,Board Games Club
01-01-1900,email_177@school.edu,FirstName_177,LastName_177,09,Board Games Club,Volleyball Club,Green Team
01-01-1900,email_178@school.edu,FirstName_178,LastName_178,09,Volleyball Club,Bingo Club,Origami Club
01-01-1900,email_179@school.edu,FirstName_179,LastName_179,09,Puzzle Club,Jazz Club,Bingo Club
01-01-1900,email_180@school.edu,FirstName_180,LastName_180,09,Basketball Club,Defenestration Club,Green Team
01-01-1900,email_181@school.edu,FirstName_181,LastName_181,09,Culture Club,Bingo Club,Crochet Club
01-01-1900,email_182@school.edu,FirstName_182,LastName_182,09,Book Club,Four Square Club,Minecraft Club
01-01-1900,email_183@school.edu,FirstName_183,LastName_183,09,Basketball Club,Puzzle Club,General Academic Support
01-01-1900,email_184@school.edu,FirstName_184,LastName_184,09,Minecraft Club,Disney Movie Club,Board Games Club
01-01-1900,email_185@school.edu,FirstName_185,LastName_185,09,Jazz Club,Crochet Club,Walking Club
01-01-1900,email_186@school.edu,FirstName_186,LastName_186,09,Lego Club,Puzzle Club,Four Square Club
01-01-1900,email_187@school.edu,FirstName_187,LastName_187,09,Lego Club,Defenestration Club,Green Team
01-01-1900,email_188@school.edu,FirstName_188,LastName_188,09,Origami Club,Puzzle Club,General Academic Support
01-01-1900,email_189@school.edu,FirstName_189,LastName_189,09,Green Team,Volleyball Club,Lego Club
01-01-1900,email_190@school.edu,FirstName_190,LastName_190,09,Baseball Club,Culture Club,Unity Club
01-01-1900,email_191@school.edu,FirstName_191,LastName_191,09,Unity Club,General Academic Support,Walking Club
01-01-1900,email_192@school.edu,FirstName_192,LastName_192,09,Jazz Club,Gaming Club,Disney Movie Club
01-01-1900,email_193@school.edu,FirstName_193,LastName_193,09,Disney Movie Club,Minecraft Club,Bingo Club
01-01-1900,email_194@school.edu,FirstName_194,LastName_194,09,Culture Club,Choir Club,Disney Movie Club
01-01-1900,email_195@school.edu,FirstName_195,LastName_195,09,Gaming Club,Minecraft Club,General Academic Support
01-01-1900,email_196@school.edu,FirstName_196,LastName_196,09,Baseball Club,Basketball Club,Choir Club
01-01-1900,email_197@school.edu,FirstName_197,LastName_197,09,Choir Club,Puzzle Club,Bingo Club
01-01-1900,email_198@school.edu,FirstName_198,LastName_198,09,General Academic Support,Book Club,Basketball Club
01-01-1900,email_199@school.edu,FirstName_199,LastName_199,09,Baseball Club,Minecraft Club,Puzzle Club
01-01-1900,email_200@school.edu,FirstName_200,LastName_200,09,Bingo Club,Four Square Club,Walking Club
01-01-1900,email_201@school.edu,FirstName_201,LastName_201,09,Four Square Club,Bingo Club,Walking Club
01-01-1900,email_202@school.edu,FirstName_202,LastName_202,09,Disney Movie Club,Unity Club,Defenestration Club
01-01-1900,email_203@school.edu,FirstName_203,LastName_203,09,Lego Club,Crochet Club,Green Team
01-01-1900,email_204@school.edu,FirstName_204,LastName_204,09,Minecraft Club,Board Games Club,Baseball Club
01-01-1900,email_205@school.edu,FirstName_205,LastName_205,09,Volleyball Club,Baseball Club,Crochet Club
01-01-1900,email_206@school.edu,FirstName_206,LastName_206,09,Green Team,Bingo Club,Crochet Club
01-01-1900,email_207@school.edu,FirstName_207,LastName_207,09,Disney Movie Club,Minecraft Club,General Academic Support
01-01-1900,email_208@school.edu,FirstName_208,LastName_208,09,Green Team,Puzzle Club,Crochet Club
01-01-1900,email_209@school.edu,FirstName_209,LastName_209,09,Culture Club,Crochet Club,Book Club
01-01-1900,email_210@school.edu,FirstName_210,LastName_210,09,Bingo Club,Four Square Club,Board Games Club
01-01-1900,email_211@school.edu,FirstName_211,LastName_211,09,Basketball Club,Disney Movie Club,Minecraft Club
01-01-1900,email_212@school.edu,FirstName_212,LastName_212,09,Four Square Club,Crochet Club,Origami Club
01-01-1900,email_213@school.edu,FirstName_213,LastName_213,09,Minecraft Club,Defenestration Club,Puzzle Club
01-01-1900,email_214@school.edu,FirstName_214,LastName_214,09,Lego Club,Puzzle Club,Unity Club
01-01-1900,email_215@school.edu,FirstName_215,LastName_215,09,Green Team,Disney Movie Club,Unity Club
01-01-1900,email_216@school.edu,FirstName_216,LastName_216,09,General Academic Support,Bingo Club,Baseball Club
01-01-1900,email_217@school.edu,FirstName_217,LastName_217,09,Disney Movie Club,Gaming Club,Origami Club
01-01-1900,email_218@school.edu,FirstName_218,LastName_218,09,Four Square Club,Jazz Club,Lego Club
01-01-1900,email_219@school.edu,FirstName_219,LastName_219,09,Four Square Club,Baseball Club,Board Games Club
01-01-1900,email_220@school.edu,FirstName_220,LastName_220,09,Walking Club,Crochet Club,Unity Club
01-01-1900,email_221@school.edu,FirstName_221,LastName_221,09,Puzzle Club,General Academic Support,Bingo Club
01-01-1900,email_222@school.edu,FirstName_222,LastName_222,09,Lego Club,Walking Club,Puzzle Club
01-01-1900,email_223@school.edu,FirstName_223,LastName_223,09,Book Club,Disney Movie Club,Jazz Club
01-01-1900,email_224@school.edu,FirstName_224,LastName_224,09,Minecraft Club,Green Team,Crochet Club
01-01-1900,email_225@school.edu,FirstName_225,LastName_225,09,Board Games Club,Jazz Club,Minecraft Club
01-01-1900,email_226@school.edu,FirstName_226,LastName_226,09,Choir Club,Disney Movie Club,Puzzle Club
01-01-1900,email_227@school.edu,FirstName_227,LastName_227,09,Board Games Club,Lego Club,Gaming Club
01-01-1900,email_228@school.edu,FirstName_228,LastName_228,09,Book Club,General Academic Support,Disney Movie Club
01-01-1900,email_229@school.edu,FirstName_229,LastName_229,09,Choir Club,Crochet Club,Jazz Club
01-01-1900,email_230@school.edu,FirstName_230,LastName_230,09,Green Team,Culture Club,Volleyball Club
01-01-1900,email_231@school.edu,FirstName_231,LastName_231,09,General Academic Support,Board Games Club,Minecraft Club
01-01-1900,email_232@school.edu,FirstName_232,LastName_232,09,Minecraft Club,Jazz Club,Origami Club
01-01-1900,email_233@school.edu,FirstName_233,LastName_233,09,Puzzle Club,Choir Club,Jazz Club
01-01-1900,email_234@school.edu,FirstName_234,LastName_234,09,Jazz Club,Origami Club,Book Club
01-01-1900,email_235@school.edu,FirstName_235,LastName_235,09,Book Club,Puzzle Club,Basketball Club
01-01-1900,email_236@school.edu,FirstName_236,LastName_236,09,Crochet Club,Basketball Club,Volleyball Club
01-01-1900,email_237@school.edu,FirstName_237,LastName_237,09,Bingo Club,Minecraft Club,Jazz Club
01-01-1900,email_238@school.edu,FirstName_238,LastName_238,09,Book Club,Defenestration Club,Jazz Club
01-01-1900,email_239@school.edu,FirstName_239,LastName_239,09,Four Square Club,Disney Movie Club,Culture Club
01-01-1900,email_240@school.edu,FirstName_240,LastName_240,09,Baseball Club,Crochet Club,Green Team
01-01-1900,email_241@school.edu,FirstName_241,LastName_241,09,Puzzle Club,Green Team,Choir Club
01-01-1900,email_242@school.edu,FirstName_242,LastName_242,09,Defenestration Club,Lego Club,Unity Club
01-01-1900,email_243@school.edu,FirstName_243,LastName_243,09,Bingo Club,Baseball Club,Jazz Club
01-01-1900,email_244@school.edu,FirstName_244,LastName_244,09,Four Square Club,Board Games Club,Crochet Club
01-01-1900,email_245@school.edu,FirstName_245,LastName_245,09,Baseball Club,Defenestration Club,Book Club
01-01-1900,email_246@school.edu,FirstName_246,LastName_246,09,Unity Club,Minecraft Club,Disney Movie Club
01-01-1900,email_247@school.edu,FirstName_247,LastName_247,09,Origami Club,Disney Movie Club,Board Games Club
01-01-1900,email_248@school.edu,FirstName_248,LastName_248,09,General Academic Support,Baseball Club,Disney Movie Club
01-01-1900,email_249@school.edu,FirstName_249,LastName_249,09,Defenestration Club,Walking Club,Puzzle Club
01-01-1900,email_250@school.edu,FirstName_250,LastName_250,09,Lego Club,Crochet Club,Jazz Club
01-01-1900,email_251@school.edu,FirstName_251,LastName_251,09,Unity Club,Board Games Club,General Academic Support
01-01-1900,email_252@school.edu,FirstName_252,LastName_252,09,Bingo Club,Jazz Club,Board Games Club
01-01-1900,email_253@school.edu,FirstName_253,LastName_253,09,Basketball Club,Disney Movie Club,Choir Club
01-01-1900,email_254@school.edu,FirstName_254,LastName_254,09,Gaming Club,Bingo Club,Green Team
01-01-1900,email_255@school.edu,FirstName_255,LastName_255,09,Unity Club,Puzzle Club,Choir Club
01-01-1900,email_256@school.edu,FirstName_256,LastName_256,09,General Academic Support,Choir Club,Gaming Club
01-01-1900,email_257@school.edu,FirstName_257,LastName_257,09,Origami Club,Unity Club,General Academic Support
01-01-1900,email_258@school.edu,FirstName_258,LastName_258,09,Culture Club,Disney Movie Club,Puzzle Club
01-01-1900,email_259@school.edu,FirstName_259,LastName_259,09,Minecraft Club,Volleyball Club,Four Square Club
01-01-1900,email_260@school.edu,FirstName_260,LastName_260,09,Puzzle Club,Crochet Club,Green Team
01-01-1900,email_261@school.edu,FirstName_261,LastName_261,09,Choir Club,General Academic Support,Minecraft Club
01-01-1900,email_262@school.edu,FirstName_262,LastName_262,09,Baseball Club,Crochet Club,Board Games Club
01-01-1900,email_263@school.edu,FirstName_263,LastName_263,09,Culture Club,Defenestration Club,Crochet Club
01-01-1900,email_264@school.edu,FirstName_264,LastName_264,09,Board Games Club,Choir Club,Minecraft Club
01-01-1900,email_265@school.edu,FirstName_265,LastName_265,09,Baseball Club,Four Square Club,Book Club
01-01-1900,email_266@school.edu,FirstName_266,LastName_266,09,Walking Club,Board Games Club,Disney Movie Club
01-01-1900,email_267@school.edu,FirstName_267,LastName_267,09,Defenestration Club,Choir Club,Lego Club
01-01-1900,email_268@school.edu,FirstName_268,LastName_268,09,Culture Club,Green Team,Basketball Club
01-01-1900,email_269@school.edu,FirstName_269,LastName_269,09,Volleyball Club,Puzzle Club,Disney Movie Club
01-01-1900,email_270@school.edu,FirstName_270,LastName_270,09,Gaming Club,Book Club,Four Square Club
01-01-1900,email_271@school.edu,FirstName_271,LastName_271,09,General Academic Support,Lego Club,Gaming Club
01-01-1900,email_272@school.edu,FirstName_272,LastName_272,09,Basketball Club,Crochet Club,Jazz Club
01-01-1900,email_273@school.edu,FirstName_273,LastName_273,09,Choir Club,Green Team,Walking Club
01-01-1900,email_274@school.edu,FirstName_274,LastName_274,09,Disney Movie Club,Unity Club,Minecraft Club
01-01-1900,email_275@school.edu,FirstName_275,LastName_275,09,Unity Club,Choir Club,Crochet Club
01-01-1900,email_276@school.edu,FirstName_276,LastName_276,09,Board Games Club,Volleyball Club,Origami Club
01-01-1900,email_277@school.edu,FirstName_277,LastName_277,09,Lego Club,Origami Club,Green Team
01-01-1900,email_278@school.edu,FirstName_278,LastName_278,09,Unity Club,Culture Club,Volleyball Club
01-01-1900,email_279@school.edu,FirstName_279,LastName_279,09,Disney Movie Club,Origami Club,Minecraft Club
01-01-1900,email_280@school.edu,FirstName_280,LastName_280,09,Volleyball Club,Baseball Club,Disney Movie Club
01-01-1900,email_281@school.edu,FirstName_281,LastName_281,09,General Academic Support,Four Square Club,Lego Club
01-01-1900,email_282@school.edu,FirstName_282,LastName_282,09,Lego Club,Choir Club,Board Games Club
01-01-1900,email_283@school.edu,FirstName_283,LastName_283,09,Lego Club,Origami Club,Green Team
01-01-1900,email_284@school.edu,FirstName_284,LastName_284,09,General Academic Support,Minecraft Club,Basketball Club
01-01-1900,email_285@school.edu,FirstName_285,LastName_285,09,Walking Club,Board Games Club,General Academic Support
01-01-1900,email_286@school.edu,FirstName_286,LastName_286,09,General Academic Support,Gaming Club,Disney Movie Club
01-01-1900,email_287@school.edu,FirstName_287,LastName_287,09,Baseball Club,Minecraft Club,Walking Club
01-01-1900,email_288@school.edu,FirstName_288,LastName_288,09,Jazz Club,Board Games Club,Walking Club
01-01-1900,email_289@school.edu,FirstName_289,LastName_289,09,Basketball Club,General Academic Support,Lego Club
01-01-1900,email_290@school.edu,FirstName_290,LastName_290,09,Green Team,Gaming Club,Culture Club
01-01-1900,email_291@school.edu,FirstName_291,LastName_291,09,Puzzle Club,Lego Club,Crochet Club
01-01-1900,email_292@school.edu,FirstName_292,LastName_292,09,Origami Club,Puzzle Club,Jazz Club
01-01-1900,email_293@school.edu,FirstName_293,LastName_293,09,Minecraft Club,Choir Club,Puzzle Club
01-01-1900,email_294@school.edu,FirstName_294,LastName_294,09,Gaming Club,Choir Club,Culture Club
01-01-1900,email_295@school.edu,FirstName_295,LastName_295,09,Crochet Club,Basketball Club,General Academic Support
01-01-1900,email_296@school.edu,FirstName_296,LastName_296,09,Jazz Club,Book Club,Defenestration Club
01-01-1900,email_297@school.edu,FirstName_297,LastName_297,09,Four Square Club,General Academic Support,Culture Club
01-01-1900,email_298@school.edu,FirstName_298,LastName_298,09,Board Games Club,Bingo Club,Gaming Club
01-01-1900,email_299@school.edu,FirstName_299,LastName_299,09,Baseball Club,General Academic Support,Green Team
01-01-1900,email_300@school.edu,FirstName_300,LastName_300,09,Crochet Club,Unity Club,Green Team
01-01-1900,email_301@school.edu,FirstName_301,LastName_301,09,Lego Club,Minecraft Club,Four Square Club
01-01-1900,email_302@school.edu,FirstName_302,LastName_302,09,Volleyball Club,Disney Movie Club,General Academic Support
01-01-1900,email_303@school.edu,FirstName_303,LastName_303,09,Defenestration Club,Board Games Club,Green Team
01-01-1900,email_304@school.edu,FirstName_304,LastName_304,09,Puzzle Club,Baseball Club,Culture Club
01-01-1900,email_305@school.edu,FirstName_305,LastName_305,09,Puzzle Club,Minecraft Club,Board Games Club
01-01-1900,email_306@school.edu,FirstName_306,LastName_306,09,Walking Club,Jazz Club,Culture Club
01-01-1900,email_307@school.edu,FirstName_307,LastName_307,09,Baseball Club,Lego Club,Book Club
01-01-1900,email_308@school.edu,FirstName_308,LastName_308,09,Baseball Club,Gaming Club,Disney Movie Club
01-01-1900,email_309@school.edu,FirstName_309,LastName_309,09,Book Club,Baseball Club,Defenestration Club
01-01-1900,email_310@school.edu,FirstName_310,LastName_310,09,Culture Club,Green Team,Lego Club
01-01-1900,email_311@school.edu,FirstName_311,LastName_311,09,Origami Club,General Academic Support,Volleyball Club
01-01-1900,email_312@school.edu,FirstName_312,LastName_312,09,Four Square Club,Defenestration Club,Board Games Club
01-01-1900,email_313@school.edu,FirstName_313,LastName_313,09,Board Games Club,Book Club,Basketball Club
01-01-1900,email_314@school.edu,FirstName_314,LastName_314,09,Origami Club,Culture Club,Board Games Club
01-01-1900,email_315@school.edu,FirstName_315,LastName_315,09,Choir Club,Defenestration Club,Baseball Club
01-01-1900,email_316@school.edu,FirstName_316,LastName_316,09,Baseball Club,Minecraft Club,Book Club
01-01-1900,email_317@school.edu,FirstName_317,LastName_317,09,Unity Club,Origami Club,Board Games Club
01-01-1900,email_318@school.edu,FirstName_318,LastName_318,09,Crochet Club,Origami Club,Defenestration Club
01-01-1900,email_319@school.edu,FirstName_319,LastName_319,09,Lego Club,General Academic Support,Jazz Club
01-01-1900,email_320@school.edu,FirstName_320,LastName_320,09,Disney Movie Club,Volleyball Club,Board Games Club
01-01-1900,email_321@school.edu,FirstName_321,LastName_321,09,Basketball Club,Disney Movie Club,Gaming Club
01-01-1900,email_322@school.edu,FirstName_322,LastName_322,09,Bingo Club,General Academic Support,Lego Club
01-01-1900,email_323@school.edu,FirstName_323,LastName_323,09,Four Square Club,Culture Club,Lego Club
01-01-1900,email_324@school.edu,FirstName_324,LastName_324,09,Puzzle Club,Disney Movie Club,Book Club
01-01-1900,email_325@school.edu,FirstName_325,LastName_325,09,General Academic Support,Unity Club,Basketball Club
01-01-1900,email_326@school.edu,FirstName_326,LastName_326,09,Culture Club,Defenestration Club,Bingo Club
01-01-1900,email_327@school.edu,FirstName_327,LastName_327,09,Gaming Club,Crochet Club,Unity Club
01-01-1900,email_328@school.edu,FirstName_328,LastName_328,09,Defenestration Club,Basketball Club,Board Games Club
01-01-1900,email_329@school.edu,FirstName_329,LastName_329,09,Minecraft Club,Volleyball Club,Walking Club
01-01-1900,email_330@school.edu,FirstName_330,LastName_330,09,Puzzle Club,Crochet Club,Walking Club
01-01-1900,email_331@school.edu,FirstName_331,LastName_331,09,Book Club,Four Square Club,General Academic Support
01-01-1900,email_332@school.edu,FirstName_332,LastName_332,09,Board Games Club,Walking Club,Bingo Club
01-01-1900,email_333@school.edu,FirstName_333,LastName_333,09,Choir Club,Board Games Club,Minecraft Club
01-01-1900,email_334@school.edu,FirstName_334,LastName_334,09,Gaming Club,Jazz Club,Disney Movie Club
01-01-1900,email_335@school.edu,FirstName_335,LastName_335,09,Board Games Club,General Academic Support,Unity Club
01-01-1900,email_336@school.edu,FirstName_336,LastName_336,09,Culture Club,Unity Club,Bingo Club
01-01-1900,email_337@school.edu,FirstName_337,LastName_337,09,Walking Club,Choir Club,Gaming Club
01-01-1900,email_338@school.edu,FirstName_338,LastName_338,09,Disney Movie Club,Board Games Club,Walking Club
01-01-1900,email_339@school.edu,FirstName_339,LastName_339,09,Walking Club,Volleyball Club,Board Games Club
01-01-1900,email_340@school.edu,FirstName_340,LastName_340,09,Board Games Club,Choir Club,Culture Club
01-01-1900,email_341@school.edu,FirstName_341,LastName_341,09,Book Club,Culture Club,Origami Club
01-01-1900,email_342@school.edu,FirstName_342,LastName_342,09,Walking Club,Disney Movie Club,Puzzle Club
01-01-1900,email_343@school.edu,FirstName_343,LastName_343,09,Walking Club,Four Square Club,Defenestration Club
01-01-1900,email_344@school.edu,FirstName_344,LastName_344,09,Bingo Club,Culture Club,Basketball Club
01-01-1900,email_345@school.edu,FirstName_345,LastName_345,09,Minecraft Club,Four Square Club,Baseball Club
01-01-1900,email_346@school.edu,FirstName_346,LastName_346,09,Choir Club,Bingo Club,Jazz Club
01-01-1900,email_347@school.edu,FirstName_347,LastName_347,09,Book Club,Defenestration Club,Unity Club
01-01-1900,email_348@school.edu,FirstName_348,LastName_348,09,Lego Club,Walking Club,Origami Club
01-01-1900,email_349@school.edu,FirstName_349,LastName_349,09,Board Games Club,Defenestration Club,Choir Club
01-01-1900,email_350@school.edu,FirstName_350,LastName_350,09,Green Team,Culture Club,Basketball Club
01-01-1900,email_351@school.edu,FirstName_351,LastName_351,09,Crochet Club,Walking Club,Puzzle Club
01-01-1900,email_352@school.edu,FirstName_352,LastName_352,09,Puzzle Club,Jazz Club,Crochet Club
01-01-1900,email_353@school.edu,FirstName_353,LastName_353,09,Bingo Club,Crochet Club,Unity Club
01-01-1900,email_354@school.edu,FirstName_354,LastName_354,09,Gaming Club,Culture Club,Minecraft Club
01-01-1900,email_355@school.edu,FirstName_355,LastName_355,09,Volleyball Club,Green Team,Origami Club
01-01-1900,email_356@school.edu,FirstName_356,LastName_356,09,Walking Club,Board Games Club,Jazz Club
01-01-1900,email_357@school.edu,FirstName_357,LastName_357,09,Baseball Club,Crochet Club,Jazz Club
01-01-1900,email_358@school.edu,FirstName_358,LastName_358,09,Origami Club,Defenestration Club,Gaming Club
01-01-1900,email_359@school.edu,FirstName_359,LastName_359,09,Green Team,Lego Club,Book Club
01-01-1900,email_360@school.edu,FirstName_360,LastName_360,09,Puzzle Club,Disney Movie Club,Lego Club
01-01-1900,email_361@school.edu,FirstName_361,LastName_361,09,Baseball Club,Book Club,Origami Club
01-01-1900,email_362@school.edu,FirstName_362,LastName_362,09,Baseball Club,Origami Club,Minecraft Club
01-01-1900,email_363@school.edu,FirstName_363,LastName_363,09,Choir Club,Puzzle Club,Green Team
01-01-1900,email_364@school.edu,FirstName_364,LastName_364,09,Disney Movie Club,Walking Club,Culture Club
01-01-1900,email_365@school.edu,FirstName_365,LastName_365,09,Basketball Club,Lego Club,General Academic Support
01-01-1900,email_366@school.edu,FirstName_366,LastName_366,09,Culture Club,Gaming Club,Book Club
01-01-1900,email_367@school.edu,FirstName_367,LastName_367,09,Origami Club,Defenestration Club,Baseball Club
01-01-1900,email_368@school.edu,FirstName_368,LastName_368,09,Puzzle Club,Disney Movie Club,Origami Club
01-01-1900,email_369@school.edu,FirstName_369,LastName_369,09,Crochet Club,Unity Club,Baseball Club
01-01-1900,email_370@school.edu,FirstName_370,LastName_370,09,Culture Club,Four Square Club,Crochet Club
01-01-1900,email_371@school.edu,FirstName_371,LastName_371,09,Basketball Club,Crochet Club,Book Club
01-01-1900,email_372@school.edu,FirstName_372,LastName_372,09,Basketball Club,Puzzle Club,Bingo Club
01-01-1900,email_373@school.edu,FirstName_373,LastName_373,09,Board Games Club,Four Square Club,Volleyball Club
01-01-1900,email_374@school.edu,FirstName_374,LastName_374,09,Walking Club,Book Club,Bingo Club
01-01-1900,email_375@school.edu,FirstName_375,LastName_375,09,Volleyball Club,Minecraft Club,Baseball Club
01-01-1900,email_376@school.edu,FirstName_376,LastName_376,09,Four Square Club,General Academic Support,Crochet Club
01-01-1900,email_377@school.edu,FirstName_377,LastName_377,09,Bingo Club,Culture Club,General Academic Support
01-01-1900,email_378@school.edu,FirstName_378,LastName_378,09,Disney Movie Club,Board Games Club,Bingo Club
01-01-1900,email_379@school.edu,FirstName_379,LastName_379,09,Culture Club,Volleyball Club,Book Club
01-01-1900,email_380@school.edu,FirstName_380,LastName_380,09,Walking Club,Four Square Club,Puzzle Club
01-01-1900,email_381@school.edu,FirstName_381,LastName_381,09,Volleyball Club,Board Games Club,Walking Club
01-01-1900,email_382@school.edu,FirstName_382,LastName_382,09,General Academic Support,Defenestration Club,Minecraft Club
01-01-1900,email_383@school.edu,FirstName_383,LastName_383,09,Crochet Club,General Academic Support,Basketball Club
01-01-1900,email_384@school.edu,FirstName_384,LastName_384,09,Walking Club,Bingo Club,General Academic Support
01-01-1900,email_385@school.edu,FirstName_385,LastName_385,09,Walking Club,Disney Movie Club,General Academic Support
01-01-1900,email_386@school.edu,FirstName_386,LastName_386,09,Basketball Club,Disney Movie Club,Jazz Club
01-01-1900,email_387@school.edu,FirstName_387,LastName_387,09,Disney Movie Club,Unity Club,Baseball Club
01-01-1900,email_388@school.edu,FirstName_388,LastName_388,09,Walking Club,Gaming Club,Bingo Club
01-01-1900,email_389@school.edu,FirstName_389,LastName_389,09,Four Square Club,Crochet Club,Puzzle Club
01-01-1900,email_390@school.edu,FirstName_390,LastName_390,09,Jazz Club,General Academic Support,Board Games Club
01-01-1900,email_391@school.edu,FirstName_391,LastName_391,09,Four Square Club,Baseball Club,Basketball Club
01-01-1900,email_392@school.edu,FirstName_392,LastName_392,09,Puzzle Club,General Academic Support,Board Games Club
01-01-1900,email_393@school.edu,FirstName_393,LastName_393,09,Culture Club,General Academic Support,Walking Club
01-01-1900,email_394@school.edu,FirstName_394,LastName_394,09,Jazz Club,Choir Club,Basketball Club
01-01-1900,email_395@school.edu,FirstName_395,LastName_395,09,Defenestration Club,General Academic Support,Bingo Club
01-01-1900,email_396@school.edu,FirstName_396,LastName_396,09,Green Team,Board Games Club,Basketball Club
01-01-1900,email_397@school.edu,FirstName_397,LastName_397,09,Disney Movie Club,Choir Club,Basketball Club
01-01-1900,email_398@school.edu,FirstName_398,LastName_398,09,Green Team,Walking Club,Volleyball Club
01-01-1900,email_399@school.edu,FirstName_399,LastName_399,09,Book Club,Choir Club,Puzzle Club
01-01-1900,email_400@school.edu,FirstName_400,LastName_400,09,Gaming Club,Minecraft Club,Walking Club
01-01-1900,email_401@school.edu,FirstName_401,LastName_401,09,Lego Club,Volleyball Club,Four Square Club
01-01-1900,email_402@school.edu,FirstName_402,LastName_402,09,Disney Movie Club,Crochet Club,Defenestration Club
01-01-1900,email_403@school.edu,FirstName_403,LastName_403,09,Baseball Club,Origami Club,Choir Club
01-01-1900,email_404@school.edu,FirstName_404,LastName_404,09,Unity Club,Jazz Club,Origami Club
01-01-1900,email_405@school.edu,FirstName_405,LastName_405,09,Gaming Club,Jazz Club,Green Team
01-01-1900,email_406@school.edu,FirstName_406,LastName_406,09,Lego Club,Bingo Club,Basketball Club
01-01-1900,email_407@school.edu,FirstName_407,LastName_407,09,Volleyball Club,Puzzle Club,Unity Club
01-01-1900,email_408@school.edu,FirstName_408,LastName_408,09,Jazz Club,Green Team,Lego Club
01-01-1900,email_409@school.edu,FirstName_409,LastName_409,09,Green Team,Volleyball Club,Bingo Club
01-01-1900,email_410@school.edu,FirstName_410,LastName_410,09,Jazz Club,Gaming Club,Baseball Club
01-01-1900,email_411@school.edu,FirstName_411,LastName_411,09,Walking Club,Volleyball Club,General Academic Support
01-01-1900,email_412@school.edu,FirstName_412,LastName_412,09,Basketball Club,Defenestration Club,Puzzle Club
01-01-1900,email_413@school.edu,FirstName_413,LastName_413,09,Unity Club,Crochet Club,Volleyball Club
01-01-1900,email_414@school.edu,FirstName_414,LastName_414,09,Board Games Club,Culture Club,Puzzle Club
01-01-1900,email_415@school.edu,FirstName_415,LastName_415,09,Puzzle Club,Jazz Club,Defenestration Club
01-01-1900,email_416@school.edu,FirstName_416,LastName_416,09,Choir Club,Four Square Club,Bingo Club
01-01-1900,email_417@school.edu,FirstName_417,LastName_417,09,Bingo Club,Unity Club,Walking Club
01-01-1900,email_418@school.edu,FirstName_418,LastName_418,09,Book Club,Crochet Club,Bingo Club
01-01-1900,email_419@school.edu,FirstName_419,LastName_419,09,Defenestration Club,General Academic Support,Crochet Club
01-01-1900,email_420@school.edu,FirstName_420,LastName_420,09,Baseball Club,Four Square Club,Defenestration Club
01-01-1900,email_421@school.edu,FirstName_421,LastName_421,09,Disney Movie Club,General Academic Support,Culture Club
01-01-1900,email_422@school.edu,FirstName_422,LastName_422,09,Lego Club,Minecraft Club,Unity Club
01-01-1900,email_423@school.edu,FirstName_423,LastName_423,09,Gaming Club,Walking Club,Defenestration Club
01-01-1900,email_424@school.edu,FirstName_424,LastName_424,09,Volleyball Club,Baseball Club,Bingo Club
01-01-1900,email_425@school.edu,FirstName_425,LastName_425,09,Bingo Club,Board Games Club,Defenestration Club
01-01-1900,email_426@school.edu,FirstName_426,LastName_426,09,Baseball Club,Crochet Club,Origami Club
01-01-1900,email_427@school.edu,FirstName_427,LastName_427,09,Origami Club,Disney Movie Club,Gaming Club
01-01-1900,email_428@school.edu,FirstName_428,LastName_428,09,Origami Club,General Academic Support,Defenestration Club
01-01-1900,email_429@school.edu,FirstName_429,LastName_429,09,Board Games Club,General Academic Support,Lego Club
01-01-1900,email_430@school.edu,FirstName_430,LastName_430,09,Culture Club,Bingo Club,Book Club
01-01-1900,email_431@school.edu,FirstName_431,LastName_431,09,Unity Club,Gaming Club,Puzzle Club
01-01-1900,email_432@school.edu,FirstName_432,LastName_432,09,Jazz Club,Lego Club,Choir Club
01-01-1900,email_433@school.edu,FirstName_433,LastName_433,09,Walking Club,Crochet Club,Puzzle Club
01-01-1900,email_434@school.edu,FirstName_434,LastName_434,09,Unity Club,Choir Club,Book Club
01-01-1900,email_435@school.edu,FirstName_435,LastName_435,09,Culture Club,Disney Movie Club,Book Club
01-01-1900,email_436@school.edu,FirstName_436,LastName_436,09,Bingo Club,Board Games Club,Gaming Club
01-01-1900,email_437@school.edu,FirstName_437,LastName_437,09,Board Games Club,Origami Club,General Academic Support
01-01-1900,email_438@school.edu,FirstName_438,LastName_438,09,Unity Club,General Academic Support,Bingo Club
01-01-1900,email_439@school.edu,FirstName_439,LastName_439,09,Basketball Club,Defenestration Club,Baseball Club
01-01-1900,email_440@school.edu,FirstName_440,LastName_440,09,Minecraft Club,Walking Club,Lego Club
01-01-1900,email_441@school.edu,FirstName_441,LastName_441,09,Puzzle Club,Unity Club,General Academic Support
01-01-1900,email_442@school.edu,FirstName_442,LastName_442,09,Baseball Club,Defenestration Club,Origami Club
01-01-1900,email_443@school.edu,FirstName_443,LastName_443,09,Lego Club,Disney Movie Club,Green Team
01-01-1900,email_444@school.edu,FirstName_444,LastName_444,09,Walking Club,Gaming Club,Defenestration Club
01-01-1900,email_445@school.edu,FirstName_445,LastName_445,09,Book Club,Baseball Club,Crochet Club
01-01-1900,email_446@school.edu,FirstName_446,LastName_446,09,Green Team,Origami Club,Gaming Club
01-01-1900,email_447@school.edu,FirstName_447,LastName_447,09,General Academic Support,Bingo Club,Gaming Club
01-01-1900,email_448@school.edu,FirstName_448,LastName_448,09,Green Team,Board Games Club,Four Square Club
01-01-1900,email_449@school.edu,FirstName_449,LastName_449,09,General Academic Support,Unity Club,Defenestration Club